id_rs,sede_id,plataforma
https://twitter.com/ArgPortoAlegre,CALEG,X
https://www.facebook.com/ArgentinaEnPortoAlegre/,CALEG,Facebook
https://www.instagram.com/argenportoalegre/,CALEG,Instagram
https://www.facebook.com/Consulado-de-la-Rep%C3%BAblica-Argentina-en-Antofagasta-255728465291743/,CANTO,Facebook
https://www.facebook.com/profile.php?id=100014152878593,CAREN,Facebook
@ArgentinaEnAsuncion,CASUN,X
facebook.com/ArgEnBarcelona,CBARC,Facebook
twitter.com/ARGenBarcelona,CBARC,X
instagram.com/argenbarcelona,CBARC,Instagram
Consulado  Argentino  en  Barcelona,CBARC,Desconocida
linkedin.com/company/consulado-y-centro-de-promoci%C3%B3n-de-la-republica-argentina-en-barcelona/mycompany/,CBARC,Linkedin
https://www.facebook.com/ArgentinaEnBeloHorizonte/,CBELO,Facebook
https://twitter.com/consgralbelo,CBELO,X
https://www.instagram.com/consgralbelo/,CBELO,Instagram
https://www.facebook.com/ConsuladoArgentinoenBonn,CBONN,Facebook
http://www.instagram.com/consulado.argentino.bonn,CBONN,Instagram
www.facebook.com/ArgentinaEnCadiz,CCADI,Facebook
https://www.facebook.com/ArgEnCiudaddeleste/,CCEST,Facebook
https://www.instagram.com/argenciudaddeleste,CCEST,Instagram
https://twitter.com/argenchicago,CCHIC,X
https://www.facebook.com/ArgentinaEnChicago,CCHIC,Facebook
https://www.youtube.com/channel/UCjZ3a6zTr156aP_zg-1lQfQ/featured,CCHIC,Youtube
wwww.facebook.com/ArgentinaEnCochabamba,CCOCH,Facebook
https://www.facebook.com/ArgentinaenColonia,CCOLO,Facebook
https://www.facebook.com/ArgEnCuritiba/,CCURI,Facebook
https://instagram.com/argEncuritiba,CCURI,Instagram
https://twitter.com/ARGenCuri,CCURI,X
https://twitter.com/argentinaenfoz,CFDIG,X
https://www.facebook.com/ArgentinaEnFozDeIguazu,CFDIG,Facebook
https://www.instagram.com/argentinaenfoz/,CFDIG,Instagram
@argenflorianopolis,CFLOR,X
https://www.facebook.com/cflor.mrecic.gov.ar,CFLOR,Facebook
https://www.facebook.com/argenmumbai,CGMUM,Facebook
https://www.instagram.com/argenmumbai,CGMUM,Instagram
https://twitter.com/cgmum1,CGMUM,X
https://www.facebook.com/ArgentinaEnIsrael/,CGTEL,Facebook
@ARGenHouston,CHOUS,X
https://www.facebook.com/ArgentinaEnHouston/,CHOUS,Facebook
https://www.facebook.com/ArgentinaEnLosAngeles/?ref=aymt_homepage_panel  ,CLANG,Facebook
@arg_clang,CLANG,X
https://www.instagram.com/consuladoargentinoenlondres/,CLOND,Instagram
https://www.facebook.com/ArgentinaEnMadridEsp/,CMADR,Facebook
https://www.facebook.com/pg/ConsuladoArgentinoenMaldonado/posts/?ref=page_internal,CMALD,Facebook
https://www.instagram.com/consulado_argentino/,CMALD,Instagram
https://www.facebook.com/ArgentinaEnPalmaDeMallorca,CMALL,Facebook
https://www.facebook.com/ArgentinaEnMontevideo/,CMDEO,Facebook
https://es-la.facebook.com/consuladoargentino.miami/,CMIAM,Facebook
consuladoargentinomia,CMIAM,Desconocida
@argenmiami,CMIAM,X
https://www.facebook.com/ConsuladoArgentinoenMilan,CMILA,Facebook
https://www.instagram.com/consuladoargentinoenmilan/,CMILA,Instagram
https://www.youtube.com/channel/UCZdYeN4gttYEyX15xxkUNWQ,CMILA,Youtube
https://www.facebook.com/ARGenNewYork,CNYOR,Facebook
https://twitter.com/ARGenNewYork,CNYOR,X
https://www.instagram.com/argennewyork/,CNYOR,Instagram
https://www.youtube.com/channel/UCJFygvT8lgEo1PrQqsHqMKg,CNYOR,Youtube
consuladoargentinosp@gmail.com,CPABL,Desconocida
https://www.facebook.com/ArgentinaEnPuertoMontt/,CPMON,Facebook
https://www.facebook.com/ArgentinaEnBrasilRecife,CRECI,Facebook
https://www.instagram.com/consuladoargentinorecife,CRECI,Instagram
https://www.facebook.com/ArgentinaEnRiodeJaneiro/,CRIOJ,Facebook
@ArgEnRoma,CROMA,X
@consuladoargentinoenroma,CROMA,X
https://www.instagram.com/argentinaensalvador,CSBAH,Instagram
https://www.facebook.com/ArgentinaenSalvador,CSBAH,Facebook
https://twitter.com/ArgentinaEnSSA,CSBAH,X
cscrs2018,CSCRS,Desconocida
www.facebook.com/ArgEnSantaCruz  de  la  Sierra,CSCRS,Facebook
https://www.facebook.com/ArgentinaEnSidney/,CSIDN,Facebook
@consuladoargentinoensalto,CSLTO,X
www.facebook.com/argentinaentenerife,CTENE,Facebook
https://www.facebook.com/ArgentinaEnToronto/,CTORO,Facebook
https://www.instagram.com/consuladoargtoronto/,CTORO,Instagram
https://www.facebook.com/ArgEnUruguayana/,CURUG,Facebook
https://twitter.com/CURUGoK,CURUG,X
https://www.facebook.com/ArgentinaEnValparaiso,CVALP,Facebook
facebook.com/ArgentinaenVigo,CVIGO,Facebook
https://www.instagram.com/argenvigo/,CVIGO,Instagram
https://www.facebook.com/ArgEnVillazon,CVILL,Facebook
https://www.facebook.com/ArgEnAlemania/,EALEM,Facebook
https://www.facebook.com/ArgentinaEnAngola/,EANGO,Facebook
https://www.instagram.com/embargentinaenangola/,EANGO,Instagram
https://www.facebook.com/argentinaenarabiasaudita/,EARAB,Facebook
https://twitter.com/ensaudita,EARAB,X
https://www.instagram.com/arginsaudi/,EARAB,Instagram
https://twitter.com/ARGenArgelia,EARGE,X
https://instagram.com/argenargelia,EARGE,Instagram
facebook.com/ArgentinaEnArgelia,EARGE,Facebook
https://www.instagram.com/arginarmenia/,EARME,Instagram
https://www.facebook.com/ArgentinaEnArmenia,EARME,Facebook
https://twitter.com/ARGinArmenia,EARME,X
https://www.facebook.com/Embajada-Argentina-en-Siria-112176794025495,EASIR,Facebook
https://www.facebook.com/ArgentinaEnAustralia/,EAUST,Facebook
https://twitter.com/ARGinAustralia,EAUST,X
https://www.facebook.com/EmbassyOfArgentina/,EAZER,Facebook
www.instagram.com/embargentinaaz,EAZER,Instagram
www.twitter.com/ARGEnAzer,EAZER,X
https://www.facebook.com/ArgentinaEnBarbados/,EBARB,Facebook
https://www.facebook.com/ArgentinaEnBelgica/,EBELG,Facebook
https://www.instagram.com/argenbelgica/,EBELG,Instagram
@EmbaArgBolivia,EBOLV,X
@EmbajadaArgentinaBolivia,EBOLV,X
@embajada_argentina_en_bolivia,EBOLV,X
https://www.instagram.com/embaargenbrasil,EBRAS,Instagram
https://twitter.com/ArgentinaEnBras,EBRAS,X
https://www.facebook.com/embargbrasil,EBRAS,Facebook
https://www.facebook.com/ArgentinaEnBulgaria/,EBULG,Facebook
https://www.youtube.com/channel/UCK-uSxN84lEMqJwCviEjZow,EBULG,Youtube
https://www.facebook.com/ArgentinaInCanada,ECANA,Facebook
https://www.youtube.com/channel/UC77DGXZ2ppExRtV4WS4IV-A,ECANA,Youtube
https://twitter.com/ArginCanada,ECANA,X
https://www.instagram.com/argentinaincanada/,ECANA,Instagram
https://www.linkedin.com/company/argentinaincanada,ECANA,Linkedin
https://www.facebook.com/ARGanteUE,ECEUR,Facebook
https://www.linkedin.com/company/arganteue,ECEUR,Linkedin
https://twitter.com/ARGanteUE,ECEUR,X
https://www.youtube.com/@ARGanteUE,ECEUR,Youtube
https://www.flickr.com/people/197084220@N02/,ECEUR,Flickr
https://www.facebook.com/ArgentinaEnRepCheca/,ECHES,Facebook
https://www.instagram.com/argentinaenpraga,ECHES,Instagram
@ArgentinaEnChina,ECHIN,X
@ArgColombia,ECOLO,X
https://www.facebook.com/ArgColombia/?ref=bookmarks,ECOLO,Facebook
argentinaencolombia,ECOLO,Desconocida
https://www.facebook.com/ArgentinaEnCorea/,ECORE,Facebook
https://www.instagram.com/embajadaargentinaencorea1/?hl=es,ECORE,Instagram
https://www.facebook.com/ArgentinaEnCubaLaHabana/,ECUBA,Facebook
https://www.facebook.com/EmbajadadeArgentinaenDinamarca/,EDINA,Facebook
https://es-la.facebook.com/ArgentinaEnRepublicaDominicana/,EDOMI,Facebook
https://www.facebook.com/ArgentinaEnEmiratosArabesUnidos,EEARB,Facebook
https://www.facebook.com/Argentina-en-Ecuador-772092829594964/?ref=bookmarks,EECUA,Facebook
https://instagram.com/argentinaenecuador?igshid=1pzlw4ojakxjh,EECUA,Instagram
https://www.youtube.com/channel/UC7FnoaJNif8jQLyBb4QDKng,EECUA,Youtube
https://twitter.com/ARGinUSA,EEEUU,X
https://www.facebook.com/ARGinUSA/,EEEUU,Facebook
https://www.instagram.com/ARGinUSA/,EEEUU,Instagram
https://www.flickr.com/photos/ARGinUSA/,EEEUU,Flickr
https://www.youtube.com/ARGinUSA,EEEUU,Youtube
www.linkedin.com/in/ARGinUSA,EEEUU,Linkedin
instagram.com/argenegipto/,EEGIP,Instagram
twitter.com/ARGenEgipto,EEGIP,X
facebook.com/ArgentinaenEgipto,EEGIP,Facebook
www.facebook.com/ARGenOEA/,EEOEA,Facebook
www.instagram.com/argenoea/,EEOEA,Instagram
www.twitter.com/ARGenOEA,EEOEA,X
www.youtube.com/channel/UCqjmCa0UfL3_I3Ovqz5ZAag/featured,EEOEA,Youtube
https://twitter.com/ARGenesp,EESPA,X
https://www.facebook.com/argenespa/,EESPA,Facebook
https://www.instagram.com/argenespa/,EESPA,Instagram
https://www.facebook.com/ArgEnEtiopia/,EETIO,Facebook
@ArEthiopia,EETIO,X
https://www.instagram.com/embaargenetiopia/,EETIO,Instagram
https://www.facebook.com/ArgentinaEnFilipinas,EFILI,Facebook
https://www.instagram.com/argentinaenfilipinas/,EFILI,Instagram
https://twitter.com/ArgentinaEnFili,EFILI,X
www.facebook.com/ArgentinaEnFinlandia/,EFINL,Facebook
www.instagram.com/argenfinlandia/,EFINL,Instagram
https://www.facebook.com/ArgentinaEnFrancia/,EFRAN,Facebook
https://www.facebook.com/EMBAJADAARGENTINAENMOSCU,EFRUS,Facebook
https://twitter.com/EmbArgRusia,EFRUS,X
https://www.facebook.com/ArgentinaEnGrecia,EGREC,Facebook
https://www.youtube.com/channel/UCFaKsErEs33zEdzJbnrzOog/featured,EGREC,Youtube
https://twitter.com/EmbArgEnChile,EHILE,X
https://www.facebook.com/EmbArgentinaEnChile,EHILE,Facebook
https://www.instagram.com/embargenchile/,EHILE,Instagram
@ArgHonduras,EHOND,X
@ArgentinaEnHonduras,EHOND,X
Embajada  Argentina  en  Honduras,EHOND,Desconocida
https://twitter.com/ArgentinaEnInd,EINDI,X
https://www.facebook.com/ArgentinaEnInd,EINDI,Facebook
https://www.instagram.com/argentinaenind/,EINDI,Instagram
https://www.facebook.com/ArgentinaEnIrlanda/,EIRLA,Facebook
https://www.instagram.com/embajadaargentinairlanda,EIRLA,Instagram
@argentinaindonesia,EISIA,X
https://www.facebook.com/ArgEnIsrael,EISRA,Facebook
https://twitter.com/argenisrael,EISRA,X
https://es-la.facebook.com/emb.roma/,EITAL,Facebook
https://twitter.com/arginitalia?lang=es,EITAL,X
https://www.instagram.com/arginitalia/?hl=es,EITAL,Instagram
https://www.facebook.com/ArgentinaEnJamaica/,EJAMA,Facebook
https://twitter.com/ARGenJamaica,EJAMA,X
argentinaenjamaica,EJAMA,Desconocida
embajadaargentinaenjapon,EJAPO,Desconocida
https://www.facebook.com/ArgJapon/?ref=bookmarks,EJAPO,Facebook
www.facebook.com/ArgentinaEnKenia,EKENY,Facebook
https://www.instagram.com/argenkenya/,EKENY,Instagram
www.facebook.com/ArgentinaenKuwait,EKUWA,Facebook
https://www.facebook.com/ArgentinaEnLibano,ELBNO,Facebook
https://www.instagram.com/marruecos.embajada/,EMARR,Instagram
https://twitter.com/ArgMarruecos,EMARR,X
https://twitter.com/@ARGenMexico,EMEXI,X
https://www.facebook.com/ARGenMexico/,EMEXI,Facebook
https://www.instagram.com/embargenmexico/,EMEXI,Instagram
https://www.youtube.com/user/EmbaArgenMX,EMEXI,Youtube
@ArgenFao,EMFAO,X
https://www.facebook.com/ArgentinaEnMozambique/,EMOZA,Facebook
argenmozambique,EMOZA,Desconocida
https://www.facebook.com/ArgentinaEnMalasia,EMSIA,Facebook
@ArgentinaEnNicaragua,ENICA,X
@argennicaragua,ENICA,X
https://www.facebook.com/ArgentinaEnNigeria/,ENIGE,Facebook
https://www.instagram.com/embargennigeria/?igshid=f0laoeu8lhv8,ENIGE,Instagram
https://www.facebook.com/ArgentinaEnNoruega/,ENORU,Facebook
https://www.instagram.com/ARGenNoruega/,ENORU,Instagram
https://www.facebook.com/ArgentinaEnGinebra,EOIRS,Facebook
www.instagram.com/misionargentinaonu,EOIRS,Instagram
https://twitter.com/ArgentinaONUOMC  ,EOIRS,X
https://www.youtube.com/channel/UCSOsChik8j7nFJZnPq6K7Ag,EOIRS,Youtube
https://twitter.com/EmbajadadeArge1,EPAKI,X
https://twitter.com/argenparaguay_,EPARA,X
https://www.facebook.com/embajada.paraguay,EPARA,Facebook
https://www.facebook.com/ArgEnPaisesBajos/,EPBAJ,Facebook
https://twitter.com/ArgentinaEnPB,EPBAJ,X
https://twitter.com/Emb_Arg_Peru,EPERU,X
https://www.facebook.com/ArgentinaEnPeru,EPERU,Facebook
@ArgentinaEnPanama,EPNMA,X
https://www.facebook.com/Embajada-de-la-Rep%C3%BAblica-Argentina-en-Polonia-1726942037398853/,EPOLO,Facebook
@embargenqatar,EQATR,X
https://www.facebook.com/argentinaencostarica/,ERICA,Facebook
https://www.facebook.com/ArgentinaEnRumania,ERUMA,Facebook
https://www.instagram.com/argentinaenrumania,ERUMA,Instagram
https://twitter.com/ARGinUK,ERUNI,X
https://www.facebook.com/ARGinUK/,ERUNI,Facebook
https://www.flickr.com/photos/138300767@N07/albums,ERUNI,Flickr
https://www.instagram.com/arginuk/,ERUNI,Instagram
https://www.youtube.com/channel/UCzaGU10f-77SR56kini9-1g/videos?view_as=subscriber,ERUNI,Youtube
facebook.com/ArgenSudafrica,ESAFR,Facebook
https://twitter.com/EmbArgentina,ESAFR,X
https://www.instagram.com/argentinaensudafrica,ESAFR,Instagram
https://twitter.com/ARGenElSalvador,ESALV,X
https://www.facebook.com/ArgentinaEnElSalvador/,ESALV,Facebook
https://www.instagram.com/embargenelsalvador/,ESALV,Instagram
@ARGenSenegal,ESENE,X
Facebook.com/ArgentinaEnSerbia,ESERB,Desconocida
Instagram.com/ARGinSerbia,ESERB,Desconocida
https://twitter.com/ARGinSingapore,ESING,X
https://instagram.com/argentine_embassy_singapore?igshid=YmMyMTA2M2Y=,ESING,Instagram
https://twitter.com/ArgSantaSede,ESSED,X
https://www.youtube.com/c/EmbajadaArgentinaantelaSantaSede,ESSED,Youtube
https://www.facebook.com/ArgEnSantaSede,ESSED,Facebook
https://www.instagram.com/argensantasede/,ESSED,Instagram
https://se.linkedin.com/showcase/arginsweden,ESUEC,Linkedin
https://www.facebook.com/arginsweden/,ESUEC,Facebook
https://www.instagram.com/arginsweden/,ESUEC,Instagram
https://www.facebook.com/ArgEnTailandiaBangkok/?tn-str=k*F,ETAIL,Facebook
https://www.facebook.com/ArgentinaEnAustria/,ETRIA,Facebook
https://twitter.com/ARGenViena,ETRIA,X
https://www.instagram.com/argenviena/,ETRIA,Instagram
www.facebook.com/ArgentinaEnTrinidadYTobago,ETRIN,Facebook
arg_trinidad_tobago,ETRIN,Desconocida
https://www.facebook.com/ArgEnTunez/,ETUNE,Facebook
https://www.twitter.com/EmbajadaTunez,ETUNE,X
https://www.instagram.com/embargentinatn,ETUNE,Instagram
https://www.youtube.com/channel/UC8kSZug1SPHrp3r1hGzhjtg,ETUNE,Youtube
@Argentinaenturquia/,ETURQ,X
@embargenturquia,ETURQ,X
@ARGenTurquia,ETURQ,X
https://www.facebook.com/ArgentinaEnUcrania,EUCRA,Facebook
https://www.instagram.com/argenucrania/,EUCRA,Instagram
https://twitter.com/ArgentinaUNESCO,EUNES,X
https://www.facebook.com/delegation.argentine/,EUNES,Facebook
https://www.facebook.com/ArgentinaEnHungria,EUNGR,Facebook
https://twitter.com/ArgentinaEnUru,EURUG,X
https://www.facebook.com/ArgentinaEnUru/,EURUG,Facebook
https://www.instagram.com/argentinaenuru/,EURUG,Instagram
https://twitter.com/argenvenezuela?lang=es,EVENE,X
https://www.facebook.com/EmbajadaArgentinaEnVenezuela,EVENE,Facebook
https://www.instagram.com/argenvenezuela/,EVENE,Instagram
https://www.facebook.com/ArgentinaEnVietnam/,EVIET,Facebook
https://www.instagram.com/argenvietnam/,EVIET,Instagram
https://www.facebook.com/ArgEnPalestina,REPAL,Facebook
